{
  "linear_regression": {
    "model": "linear_regression",
    "rmse_dollars": 3713122.139523892,
    "r2_log": 0.7457581923841514
  },
  "random_forest": {
    "model": "random_forest",
    "rmse_dollars": 268082.88335663575,
    "r2_log": 0.8678794493016855
  }
}